cust_id,cust_firstname,cust_lastname,,,,,
1,Laura,Taylor,,,,,
2,Mark,Anderson,,,,,
3,John,Smith,,,,,
4,Emily,Johnson,,,,,
5,Michael,Davis,,,,,
6,Sarah,White,,,,,
7,Brian,Miller,,,,,
8,Amy,Wilson,,,,,
9,Robert,Harris,,,,,
10,Jessica,Turner,,,,,
11,David,Lopez,,,,,
12,Rachel,Evans,,,,,
13,Tom,Mitchell,,,,,
14,Megan,Clark,,,,,
15,Derek,Patterson,,,,,
16,Laura,Johnson,,,,,
17,Carlos,Rodriguez,,,,,
18,Amanda,Baker,,,,,
19,Ryan,Turner,,,,,
20,Rachel,Adams,,,,,
21,Emily,Davis,,,,,
22,Alex,Smith,,,,,
23,Olivia,Johnson,,,,,
24,Mark,Anderson,,,,,
25,Rachel,Miller,,,,,
26,Brian,Turner,,,,,
27,Megan,Davis,,,,,
28,Derek,Smith,,,,,
29,Laura,Turner,,,,,
30,Carlos,Johnson,,,,,
31,Amanda,Anderson,,,,,
32,Ryan,Miller,,,,,
33,Olivia,Martin,,,,,
34,Nathan,Thompson,,,,,
35,Emma,Williams,,,,,
36,Daniel,Carter,,,,,
37,Sophia,Mitchell,,,,,
38,Oliver,Davis,,,,,
39,Lily,Turner,,,,,
40,Mason,Parker,,,,,
41,Chloe,Roberts,,,,,
42,Jackson,Taylor,,,,,
43,Liam,Harrison,,,,,
44,Zoe,Foster,,,,,
45,Ethan,Stewart,,,,,
46,Isabella,Wright,,,,,
47,Noah,Robinson,,,,,
48,Ava,Barnes,,,,,
49,Leo,Parker,,,,,
50,Oliver,Thompson,,,,,
51,Mia,Williams,,,,,
52,Benjamin,Carter,,,,,
53,Grace,Mitchell,,,,,
54,Henry,Davis,,,,,
55,Aria,Turner,,,,,
56,Grace,Harrison,,,,,
57,Ethan,Thompson,,,,,
58,Emma,Williams,,,,,
59,Oliver,Carter,,,,,
60,Ava,Mitchell,,,,,
61,Jackson,Davis,,,,,
62,Lily,Turner,,,,,
63,Amelia,Foster,,,,,
64,Lucas,Thompson,,,,,
65,Scarlett,Williams,,,,,
66,Madison,Mitchell,,,,,
67,Elijah,Davis,,,,,
68,Stella,Turner,,,,,
69,Oliver,Parker,,,,,
70,Aria,Harrison,,,,,
71,Grace,Robinson,,,,,
72,Isaac,Foster,,,,,
73,Nora,Thompson,,,,,
74,Zoe,Williams,,,,,
75,Liam,Carter,,,,,
76,Owen,Davis,,,,,
77,Evelyn,Turner,,,,,
78,Caleb,Davis,,,,,
79,Harper,Thompson,,,,,
80,Aiden,Williams,,,,,
81,Violet,Carter,,,,,
82,Penelope,Greenville,,,,,
83,Caleb,Parker,,,,,
84,Hudson,Tonker,,,,,
85,Ismail,Kurtis,,,,,
86,Trinity,Hale,,,,,
87,Ryan,Reily,,,,,
88,Isabella,Montgomery,,,,,
89,Dominic,Harrington,,,,,
90,Celeste,Sheffield,,,,,
91,Xander,Kensington,,,,,
92,Seraphina,Underwood,,,,,
93,Atticus,Forsythe,,,,,
94,Elara,Ellington,,,,,
95,Thalia,Beaumont,,,,,
96,Quentin,Hawthorne,,,,,
97,Calista,Montague,,,,,
98,Lysander,Pendleton,,,,,
99,Aisha,Al-Farsi,,,,,
100,Malik,Rahman,,,,,
101,Amina,Khoury,,,,,
102,Zainab,Saab,,,,,
103,Kareem,Nwachukwu,,,,,
104,Diego,Martinez,,,,,
105,Rashid,Al-Farsi,,,,,
106,Miguel,Lopez,,,,,
107,Maya,Rodriguez,,,,,
108,Leila,Patel,,,,,
109,Javier,Santos,,,,,
110,Rafael,Silva,,,,,
111,Zara,Khan,,,,,
112,Leandro,Costa,,,,,
113,Carmen,Beaureguard,,,,,
114,Sofia,Costa,,,,,
115,Layla,Patel,,,,,
116,Mateo,Rahman,,,,,
117,Nyla,Rahman,,,,,
,,,,,,,
,,,,,,,
,,,,,,,
,,,,,,,
,,,,,,,
,,,,,,,
,,,,,,,
,,,,,,,
,,,,,,,
,,,,,,,
,,,,,,,
,,,,,,,
,,,,,,,
,,,,,,,
,,,,,,,
,,,,,,,
,,,,,,,
,,,,,,,
,,,,,,,
,,,,,,,
,,,,,,,
,,,,,,,